ID,Time,DETumor
531,0.5,0.71118
,2,0.062582
,8,0.281112
,24,6.0729
532,0.5,0.37582
,2,0.06624
,8,4.6176
,24,7.06268
